{"cameraMode":{"drawMode":0,"name":"Shaded","section":"Shading Mode"},"sceneLighting":true,"audioPlay":false,"sceneViewState":{"showFog":true,"showMaterialUpdate":false,"showSkybox":true,"showFlares":true,"showImageEffects":true,"showParticleSystems":true},"in2DMode":false,"pivot":{"x":127.23092651367188,"y":248.79159545898438,"z":0.0},"rotation":{"x":-2.5532122549520866e-7,"y":0.04498445615172386,"z":4.769402721649385e-7,"w":-0.9989877343177795},"size":1185.125732421875,"orthographic":true}